iso_alpha2,iso_alpha3,country_name,flag_emoji,driving_side,coverage,continent,region
AD,AND,Andorra,ğŸ‡¦ğŸ‡©,R,4,Europe,Southern Europe
AE,ARE,United Arab Emirates,ğŸ‡¦ğŸ‡ª,R,4,Asia,Western Asia
AF,AFG,Afghanistan,ğŸ‡¦ğŸ‡«,R,0,Asia,Southern Asia
AG,ATG,Antigua & Barbuda,ğŸ‡¦ğŸ‡¬,L,0,Americas,Caribbean
AI,AIA,Anguilla,ğŸ‡¦ğŸ‡®,L,0,Americas,Caribbean
AL,ALB,Albania,ğŸ‡¦ğŸ‡±,R,4,Europe,Southern Europe
AM,ARM,Armenia,ğŸ‡¦ğŸ‡²,R,3,Asia,Western Asia
AO,AGO,Angola,ğŸ‡¦ğŸ‡´,R,0,Africa,Middle Africa
AQ,ATA,Antarctica,ğŸ‡¦ğŸ‡¶,R,0,Antarctica,
AR,ARG,Argentina,ğŸ‡¦ğŸ‡·,R,4,Americas,South America
AS,ASM,American Samoa,ğŸ‡¦ğŸ‡¸,R,4,Oceania,Polynesia
AT,AUT,Austria,ğŸ‡¦ğŸ‡¹,R,4,Europe,Western Europe
AU,AUS,Australia,ğŸ‡¦ğŸ‡º,L,4,Oceania,Australia and New Zealand
AW,ABW,Aruba,ğŸ‡¦ğŸ‡¼,R,2,Americas,Caribbean
AX,ALA,Ã…land Islands,ğŸ‡¦ğŸ‡½,R,4,Europe,Northern Europe
AZ,AZE,Azerbaijan,ğŸ‡¦ğŸ‡¿,R,1,Asia,Western Asia
BA,BIH,Bosnia & Herzegovina,ğŸ‡§ğŸ‡¦,R,1,Europe,Southern Europe
BB,BRB,Barbados,ğŸ‡§ğŸ‡§,L,2,Americas,Caribbean
BD,BGD,Bangladesh,ğŸ‡§ğŸ‡©,L,4,Asia,Southern Asia
BE,BEL,Belgium,ğŸ‡§ğŸ‡ª,R,4,Europe,Western Europe
BF,BFA,Burkina Faso,ğŸ‡§ğŸ‡«,R,0,Africa,Western Africa
BG,BGR,Bulgaria,ğŸ‡§ğŸ‡¬,R,4,Europe,Eastern Europe
BH,BHR,Bahrain,ğŸ‡§ğŸ‡­,R,2,Asia,Western Asia
BI,BDI,Burundi,ğŸ‡§ğŸ‡®,R,0,Africa,Eastern Africa
BJ,BEN,Benin,ğŸ‡§ğŸ‡¯,R,0,Africa,Western Africa
BL,BLM,St. BarthÃ©lemy,ğŸ‡§ğŸ‡±,R,0,Americas,Caribbean
BM,BMU,Bermuda,ğŸ‡§ğŸ‡²,L,4,Americas,Northern America
BN,BRN,Brunei,ğŸ‡§ğŸ‡³,L,1,Asia,South-eastern Asia
BO,BOL,Bolivia,ğŸ‡§ğŸ‡´,R,4,Americas,South America
BQ,BES,Caribbean Netherlands,ğŸ‡§ğŸ‡¶,R,2,Americas,Caribbean
BR,BRA,Brazil,ğŸ‡§ğŸ‡·,R,4,Americas,South America
BS,BHS,Bahamas,ğŸ‡§ğŸ‡¸,L,0,Americas,Caribbean
BT,BTN,Bhutan,ğŸ‡§ğŸ‡¹,L,4,Asia,Southern Asia
BV,BVT,Bouvet Island,ğŸ‡§ğŸ‡»,R,0,Americas,South America
BW,BWA,Botswana,ğŸ‡§ğŸ‡¼,L,4,Africa,Southern Africa
BY,BLR,Belarus,ğŸ‡§ğŸ‡¾,R,1,Europe,Eastern Europe
BZ,BLZ,Belize,ğŸ‡§ğŸ‡¿,R,0,Americas,Central America
CA,CAN,Canada,ğŸ‡¨ğŸ‡¦,R,4,Americas,Northern America
CC,CCK,Cocos (Keeling) Islands,ğŸ‡¨ğŸ‡¨,L,4,Oceania,Australia and New Zealand
CD,COD,Congo - Kinshasa,ğŸ‡¨ğŸ‡©,R,0,Africa,Middle Africa
CF,CAF,Central African Republic,ğŸ‡¨ğŸ‡«,R,0,Africa,Middle Africa
CG,COG,Congo - Brazzaville,ğŸ‡¨ğŸ‡¬,R,1,Africa,Middle Africa
CH,CHE,Switzerland,ğŸ‡¨ğŸ‡­,R,4,Europe,Western Europe
CI,CIV,CÃ´te d'Ivoire,ğŸ‡¨ğŸ‡®,R,0,Africa,Western Africa
CK,COK,Cook Islands,ğŸ‡¨ğŸ‡°,L,2,Oceania,Polynesia
CL,CHL,Chile,ğŸ‡¨ğŸ‡±,R,4,Americas,South America
CM,CMR,Cameroon,ğŸ‡¨ğŸ‡²,R,0,Africa,Middle Africa
CN,CHN,China,ğŸ‡¨ğŸ‡³,R,0,Asia,Eastern Asia
CO,COL,Colombia,ğŸ‡¨ğŸ‡´,R,4,Americas,South America
CR,CRI,Costa Rica,ğŸ‡¨ğŸ‡·,R,1,Americas,Central America
CU,CUB,Cuba,ğŸ‡¨ğŸ‡º,R,0,Americas,Caribbean
CV,CPV,Cape Verde,ğŸ‡¨ğŸ‡»,R,0,Africa,Western Africa
CW,CUW,CuraÃ§ao,ğŸ‡¨ğŸ‡¼,R,4,Americas,Caribbean
CX,CXR,Christmas Island,ğŸ‡¨ğŸ‡½,L,4,Oceania,Australia and New Zealand
CY,CYP,Cyprus,ğŸ‡¨ğŸ‡¾,L,2,Asia,Western Asia
CZ,CZE,Czechia,ğŸ‡¨ğŸ‡¿,R,4,Europe,Eastern Europe
DE,DEU,Germany,ğŸ‡©ğŸ‡ª,R,4,Europe,Western Europe
DJ,DJI,Djibouti,ğŸ‡©ğŸ‡¯,R,0,Africa,Eastern Africa
DK,DNK,Denmark,ğŸ‡©ğŸ‡°,R,4,Europe,Northern Europe
DM,DMA,Dominica,ğŸ‡©ğŸ‡²,L,0,Americas,Caribbean
DO,DOM,Dominican Republic,ğŸ‡©ğŸ‡´,R,4,Americas,Caribbean
DZ,DZA,Algeria,ğŸ‡©ğŸ‡¿,R,0,Africa,Northern Africa
EC,ECU,Ecuador,ğŸ‡ªğŸ‡¨,R,4,Americas,South America
EE,EST,Estonia,ğŸ‡ªğŸ‡ª,R,4,Europe,Northern Europe
EG,EGY,Egypt,ğŸ‡ªğŸ‡¬,R,1,Africa,Northern Africa
EH,ESH,Western Sahara,ğŸ‡ªğŸ‡­,R,0,Africa,Northern Africa
ER,ERI,Eritrea,ğŸ‡ªğŸ‡·,R,0,Africa,Eastern Africa
ES,ESP,Spain,ğŸ‡ªğŸ‡¸,R,4,Europe,Southern Europe
ET,ETH,Ethiopia,ğŸ‡ªğŸ‡¹,R,0,Africa,Eastern Africa
FI,FIN,Finland,ğŸ‡«ğŸ‡®,R,4,Europe,Northern Europe
FJ,FJI,Fiji,ğŸ‡«ğŸ‡¯,L,1,Oceania,Melanesia
FK,FLK,Falkland Islands,ğŸ‡«ğŸ‡°,L,0,Americas,South America
FM,FSM,Micronesia,ğŸ‡«ğŸ‡²,R,0,Oceania,Micronesia
FO,FRO,Faroe Islands,ğŸ‡«ğŸ‡´,R,4,Europe,Northern Europe
FR,FRA,France,ğŸ‡«ğŸ‡·,R,4,Europe,Western Europe
GA,GAB,Gabon,ğŸ‡¬ğŸ‡¦,R,0,Africa,Middle Africa
GB,GBR,United Kingdom,ğŸ‡¬ğŸ‡§,L,4,Europe,Northern Europe
GD,GRD,Grenada,ğŸ‡¬ğŸ‡©,L,1,Americas,Caribbean
GE,GEO,Georgia,ğŸ‡¬ğŸ‡ª,R,2,Asia,Western Asia
GF,GUF,French Guiana,ğŸ‡¬ğŸ‡«,R,0,Americas,South America
GG,GGY,Guernsey,ğŸ‡¬ğŸ‡¬,L,1,Europe,Channel Islands
GH,GHA,Ghana,ğŸ‡¬ğŸ‡­,R,4,Africa,Western Africa
GI,GIB,Gibraltar,ğŸ‡¬ğŸ‡®,R,4,Europe,Southern Europe
GL,GRL,Greenland,ğŸ‡¬ğŸ‡±,R,4,Americas,Northern America
GM,GMB,Gambia,ğŸ‡¬ğŸ‡²,R,0,Africa,Western Africa
GN,GIN,Guinea,ğŸ‡¬ğŸ‡³,R,0,Africa,Western Africa
GP,GLP,Guadeloupe,ğŸ‡¬ğŸ‡µ,R,1,Americas,Caribbean
GQ,GNQ,Equatorial Guinea,ğŸ‡¬ğŸ‡¶,R,0,Africa,Middle Africa
GR,GRC,Greece,ğŸ‡¬ğŸ‡·,R,4,Europe,Southern Europe
GS,SGS,South Georgia & South Sandwich Islands,ğŸ‡¬ğŸ‡¸,R,1,Americas,South America
GT,GTM,Guatemala,ğŸ‡¬ğŸ‡¹,R,4,Americas,Central America
GU,GUM,Guam,ğŸ‡¬ğŸ‡º,R,3,Oceania,Micronesia
GW,GNB,Guinea-Bissau,ğŸ‡¬ğŸ‡¼,R,0,Africa,Western Africa
GY,GUY,Guyana,ğŸ‡¬ğŸ‡¾,L,0,Americas,South America
HK,HKG,Hong Kong SAR China,ğŸ‡­ğŸ‡°,L,4,Asia,Eastern Asia
HM,HMD,Heard & McDonald Islands,ğŸ‡­ğŸ‡²,L,0,Oceania,Australia and New Zealand
HN,HND,Honduras,ğŸ‡­ğŸ‡³,R,0,Americas,Central America
HR,HRV,Croatia,ğŸ‡­ğŸ‡·,R,4,Europe,Southern Europe
HT,HTI,Haiti,ğŸ‡­ğŸ‡¹,R,0,Americas,Caribbean
HU,HUN,Hungary,ğŸ‡­ğŸ‡º,R,4,Europe,Eastern Europe
ID,IDN,Indonesia,ğŸ‡®ğŸ‡©,L,4,Asia,South-eastern Asia
IE,IRL,Ireland,ğŸ‡®ğŸ‡ª,L,4,Europe,Northern Europe
IL,ISR,Israel,ğŸ‡®ğŸ‡±,R,4,Asia,Western Asia
IM,IMN,Isle of Man,ğŸ‡®ğŸ‡²,L,4,Europe,Northern Europe
IN,IND,India,ğŸ‡®ğŸ‡³,L,4,Asia,Southern Asia
IO,IOT,British Indian Ocean Territory,ğŸ‡®ğŸ‡´,R,0,Africa,Eastern Africa
IQ,IRQ,Iraq,ğŸ‡®ğŸ‡¶,R,1,Asia,Western Asia
IR,IRN,Iran,ğŸ‡®ğŸ‡·,R,1,Asia,Southern Asia
IS,ISL,Iceland,ğŸ‡®ğŸ‡¸,R,4,Europe,Northern Europe
IT,ITA,Italy,ğŸ‡®ğŸ‡¹,R,4,Europe,Southern Europe
JE,JEY,Jersey,ğŸ‡¯ğŸ‡ª,L,4,Europe,Channel Islands
JM,JAM,Jamaica,ğŸ‡¯ğŸ‡²,L,1,Americas,Caribbean
JO,JOR,Jordan,ğŸ‡¯ğŸ‡´,R,4,Asia,Western Asia
JP,JPN,Japan,ğŸ‡¯ğŸ‡µ,L,4,Asia,Eastern Asia
KE,KEN,Kenya,ğŸ‡°ğŸ‡ª,L,4,Africa,Eastern Africa
KG,KGZ,Kyrgyzstan,ğŸ‡°ğŸ‡¬,R,3,Asia,Central Asia
KH,KHM,Cambodia,ğŸ‡°ğŸ‡­,R,4,Asia,South-eastern Asia
KI,KIR,Kiribati,ğŸ‡°ğŸ‡®,L,0,Oceania,Micronesia
KM,COM,Comoros,ğŸ‡°ğŸ‡²,R,0,Africa,Eastern Africa
KN,KNA,St. Kitts & Nevis,ğŸ‡°ğŸ‡³,L,2,Americas,Caribbean
KP,PRK,North Korea,ğŸ‡°ğŸ‡µ,R,0,Asia,Eastern Asia
KR,KOR,South Korea,ğŸ‡°ğŸ‡·,R,4,Asia,Eastern Asia
KW,KWT,Kuwait,ğŸ‡°ğŸ‡¼,R,0,Asia,Western Asia
KY,CYM,Cayman Islands,ğŸ‡°ğŸ‡¾,L,2,Americas,Caribbean
KZ,KAZ,Kazakhstan,ğŸ‡°ğŸ‡¿,R,0,Asia,Central Asia
LA,LAO,Laos,ğŸ‡±ğŸ‡¦,R,3,Asia,South-eastern Asia
LB,LBN,Lebanon,ğŸ‡±ğŸ‡§,R,2,Asia,Western Asia
LC,LCA,St. Lucia,ğŸ‡±ğŸ‡¨,L,1,Americas,Caribbean
LI,LIE,Liechtenstein,ğŸ‡±ğŸ‡®,R,0,Europe,Western Europe
LK,LKA,Sri Lanka,ğŸ‡±ğŸ‡°,L,4,Asia,Southern Asia
LR,LBR,Liberia,ğŸ‡±ğŸ‡·,R,0,Africa,Western Africa
LS,LSO,Lesotho,ğŸ‡±ğŸ‡¸,L,4,Africa,Southern Africa
LT,LTU,Lithuania,ğŸ‡±ğŸ‡¹,R,4,Europe,Northern Europe
LU,LUX,Luxembourg,ğŸ‡±ğŸ‡º,R,4,Europe,Western Europe
LV,LVA,Latvia,ğŸ‡±ğŸ‡»,R,4,Europe,Northern Europe
LY,LBY,Libya,ğŸ‡±ğŸ‡¾,R,0,Africa,Northern Africa
MA,MAR,Morocco,ğŸ‡²ğŸ‡¦,R,0,Africa,Northern Africa
MC,MCO,Monaco,ğŸ‡²ğŸ‡¨,R,4,Europe,Western Europe
MD,MDA,Moldova,ğŸ‡²ğŸ‡©,R,0,Europe,Eastern Europe
ME,MNE,Montenegro,ğŸ‡²ğŸ‡ª,R,4,Europe,Southern Europe
MF,MAF,St. Martin,ğŸ‡²ğŸ‡«,R,0,Americas,Caribbean
MG,MDG,Madagascar,ğŸ‡²ğŸ‡¬,R,3,Africa,Eastern Africa
MH,MHL,Marshall Islands,ğŸ‡²ğŸ‡­,R,0,Oceania,Micronesia
MK,MKD,North Macedonia,ğŸ‡²ğŸ‡°,R,4,Europe,Southern Europe
ML,MLI,Mali,ğŸ‡²ğŸ‡±,R,0,Africa,Western Africa
MM,MMR,Myanmar (Burma),ğŸ‡²ğŸ‡²,R,1,Asia,South-eastern Asia
MN,MNG,Mongolia,ğŸ‡²ğŸ‡³,R,3,Asia,Eastern Asia
MO,MAC,Macao SAR China,ğŸ‡²ğŸ‡´,L,4,Asia,Eastern Asia
MP,MNP,Northern Mariana Islands,ğŸ‡²ğŸ‡µ,R,4,Oceania,Micronesia
MQ,MTQ,Martinique,ğŸ‡²ğŸ‡¶,R,2,Americas,Caribbean
MR,MRT,Mauritania,ğŸ‡²ğŸ‡·,R,0,Africa,Western Africa
MS,MSR,Montserrat,ğŸ‡²ğŸ‡¸,L,0,Americas,Caribbean
MT,MLT,Malta,ğŸ‡²ğŸ‡¹,L,4,Europe,Southern Europe
MU,MUS,Mauritius,ğŸ‡²ğŸ‡º,L,2,Africa,Eastern Africa
MV,MDV,Maldives,ğŸ‡²ğŸ‡»,L,2,Asia,Southern Asia
MW,MWI,Malawi,ğŸ‡²ğŸ‡¼,L,0,Africa,Eastern Africa
MX,MEX,Mexico,ğŸ‡²ğŸ‡½,R,4,Americas,Central America
MY,MYS,Malaysia,ğŸ‡²ğŸ‡¾,L,4,Asia,South-eastern Asia
MZ,MOZ,Mozambique,ğŸ‡²ğŸ‡¿,L,0,Africa,Eastern Africa
NA,NAM,Namibia,ğŸ‡³ğŸ‡¦,L,1,Africa,Southern Africa
NC,NCL,New Caledonia,ğŸ‡³ğŸ‡¨,R,0,Oceania,Melanesia
NE,NER,Niger,ğŸ‡³ğŸ‡ª,R,0,Africa,Western Africa
NF,NFK,Norfolk Island,ğŸ‡³ğŸ‡«,L,2,Oceania,Australia and New Zealand
NG,NGA,Nigeria,ğŸ‡³ğŸ‡¬,R,4,Africa,Western Africa
NI,NIC,Nicaragua,ğŸ‡³ğŸ‡®,R,0,Americas,Central America
NL,NLD,Netherlands,ğŸ‡³ğŸ‡±,R,4,Europe,Western Europe
NO,NOR,Norway,ğŸ‡³ğŸ‡´,R,4,Europe,Northern Europe
NP,NPL,Nepal,ğŸ‡³ğŸ‡µ,L,2,Asia,Southern Asia
NR,NRU,Nauru,ğŸ‡³ğŸ‡·,L,0,Oceania,Micronesia
NU,NIU,Niue,ğŸ‡³ğŸ‡º,L,1,Oceania,Polynesia
NZ,NZL,New Zealand,ğŸ‡³ğŸ‡¿,L,4,Oceania,Australia and New Zealand
OM,OMN,Oman,ğŸ‡´ğŸ‡²,R,1,Asia,Western Asia
PA,PAN,Panama,ğŸ‡µğŸ‡¦,R,4,Americas,Central America
PE,PER,Peru,ğŸ‡µğŸ‡ª,R,3,Americas,South America
PF,PYF,French Polynesia,ğŸ‡µğŸ‡«,R,2,Oceania,Polynesia
PG,PNG,Papua New Guinea,ğŸ‡µğŸ‡¬,L,1,Oceania,Melanesia
PH,PHL,Philippines,ğŸ‡µğŸ‡­,R,4,Asia,South-eastern Asia
PK,PAK,Pakistan,ğŸ‡µğŸ‡°,L,2,Asia,Southern Asia
PL,POL,Poland,ğŸ‡µğŸ‡±,R,4,Europe,Eastern Europe
PM,SPM,St. Pierre & Miquelon,ğŸ‡µğŸ‡²,R,2,Americas,Northern America
PN,PCN,Pitcairn Islands,ğŸ‡µğŸ‡³,L,3,Oceania,Polynesia
PR,PRI,Puerto Rico,ğŸ‡µğŸ‡·,R,4,Americas,Caribbean
PS,PSE,Palestinian Territories,ğŸ‡µğŸ‡¸,R,1,Asia,Western Asia
PT,PRT,Portugal,ğŸ‡µğŸ‡¹,R,4,Europe,Southern Europe
PW,PLW,Palau,ğŸ‡µğŸ‡¼,R,0,Oceania,Micronesia
PY,PRY,Paraguay,ğŸ‡µğŸ‡¾,R,1,Americas,South America
QA,QAT,Qatar,ğŸ‡¶ğŸ‡¦,R,4,Asia,Western Asia
RE,REU,RÃ©union,ğŸ‡·ğŸ‡ª,R,4,Africa,Eastern Africa
RO,ROU,Romania,ğŸ‡·ğŸ‡´,R,4,Europe,Eastern Europe
RS,SRB,Serbia,ğŸ‡·ğŸ‡¸,R,4,Europe,Southern Europe
RU,RUS,Russia,ğŸ‡·ğŸ‡º,R,4,Europe,Eastern Europe
RW,RWA,Rwanda,ğŸ‡·ğŸ‡¼,R,4,Africa,Eastern Africa
SA,SAU,Saudi Arabia,ğŸ‡¸ğŸ‡¦,R,1,Asia,Western Asia
SB,SLB,Solomon Islands,ğŸ‡¸ğŸ‡§,L,0,Oceania,Melanesia
SC,SYC,Seychelles,ğŸ‡¸ğŸ‡¨,L,2,Africa,Eastern Africa
SD,SDN,Sudan,ğŸ‡¸ğŸ‡©,R,0,Africa,Northern Africa
SE,SWE,Sweden,ğŸ‡¸ğŸ‡ª,R,4,Europe,Northern Europe
SG,SGP,Singapore,ğŸ‡¸ğŸ‡¬,L,4,Asia,South-eastern Asia
SH,SHN,Ascension Island,ğŸ‡¸ğŸ‡­,L,0,Africa,Western Africa
SI,SVN,Slovenia,ğŸ‡¸ğŸ‡®,R,4,Europe,Southern Europe
SJ,SJM,Svalbard & Jan Mayen,ğŸ‡¸ğŸ‡¯,R,3,Europe,Northern Europe
SK,SVK,Slovakia,ğŸ‡¸ğŸ‡°,R,4,Europe,Eastern Europe
SL,SLE,Sierra Leone,ğŸ‡¸ğŸ‡±,R,0,Africa,Western Africa
SM,SMR,San Marino,ğŸ‡¸ğŸ‡²,R,4,Europe,Southern Europe
SN,SEN,Senegal,ğŸ‡¸ğŸ‡³,R,4,Africa,Western Africa
SO,SOM,Somalia,ğŸ‡¸ğŸ‡´,R,0,Africa,Eastern Africa
SR,SUR,Suriname,ğŸ‡¸ğŸ‡·,L,0,Americas,South America
SS,SSD,South Sudan,ğŸ‡¸ğŸ‡¸,R,0,Africa,Eastern Africa
ST,STP,SÃ£o TomÃ© & PrÃ­ncipe,ğŸ‡¸ğŸ‡¹,R,1,Africa,Middle Africa
SV,SLV,El Salvador,ğŸ‡¸ğŸ‡»,R,1,Americas,Central America
SX,SXM,Sint Maarten,ğŸ‡¸ğŸ‡½,R,0,Americas,Caribbean
SY,SYR,Syria,ğŸ‡¸ğŸ‡¾,R,0,Asia,Western Asia
SZ,SWZ,Eswatini,ğŸ‡¸ğŸ‡¿,L,4,Africa,Southern Africa
TA,TAA,Tristan da Cunha,ğŸ‡¹ğŸ‡¦,L,0,Africa,Eastern Africa
TC,TCA,Turks & Caicos Islands,ğŸ‡¹ğŸ‡¨,L,0,Americas,Caribbean
TD,TCD,Chad,ğŸ‡¹ğŸ‡©,R,0,Africa,Middle Africa
TF,ATF,French Southern Territories,ğŸ‡¹ğŸ‡«,R,0,Africa,Eastern Africa
TG,TGO,Togo,ğŸ‡¹ğŸ‡¬,R,0,Africa,Western Africa
TH,THA,Thailand,ğŸ‡¹ğŸ‡­,L,4,Asia,South-eastern Asia
TJ,TJK,Tajikistan,ğŸ‡¹ğŸ‡¯,R,0,Asia,Central Asia
TK,TKL,Tokelau,ğŸ‡¹ğŸ‡°,L,0,Oceania,Polynesia
TL,TLS,Timor-Leste,ğŸ‡¹ğŸ‡±,L,0,Asia,South-eastern Asia
TM,TKM,Turkmenistan,ğŸ‡¹ğŸ‡²,R,0,Asia,Central Asia
TN,TUN,Tunisia,ğŸ‡¹ğŸ‡³,R,3,Africa,Northern Africa
TO,TON,Tonga,ğŸ‡¹ğŸ‡´,L,1,Oceania,Polynesia
TR,TUR,TÃ¼rkiye,ğŸ‡¹ğŸ‡·,R,4,Asia,Western Asia
TT,TTO,Trinidad & Tobago,ğŸ‡¹ğŸ‡¹,L,2,Americas,Caribbean
TV,TUV,Tuvalu,ğŸ‡¹ğŸ‡»,L,0,Oceania,Polynesia
TW,TWN,Taiwan,ğŸ‡¹ğŸ‡¼,R,4,Asia,Eastern Asia
TZ,TZA,Tanzania,ğŸ‡¹ğŸ‡¿,L,2,Africa,Eastern Africa
UA,UKR,Ukraine,ğŸ‡ºğŸ‡¦,R,4,Europe,Eastern Europe
UG,UGA,Uganda,ğŸ‡ºğŸ‡¬,L,3,Africa,Eastern Africa
UM,UMI,U.S. Outlying Islands,ğŸ‡ºğŸ‡²,R,0,Oceania,Micronesia
US,USA,United States,ğŸ‡ºğŸ‡¸,R,4,Americas,Northern America
UY,URY,Uruguay,ğŸ‡ºğŸ‡¾,R,4,Americas,South America
UZ,UZB,Uzbekistan,ğŸ‡ºğŸ‡¿,R,0,Asia,Central Asia
VA,VAT,Vatican City,ğŸ‡»ğŸ‡¦,R,0,Europe,Southern Europe
VC,VCT,St. Vincent & Grenadines,ğŸ‡»ğŸ‡¨,L,2,Americas,Caribbean
VE,VEN,Venezuela,ğŸ‡»ğŸ‡ª,R,0,Americas,South America
VG,VGB,British Virgin Islands,ğŸ‡»ğŸ‡¬,L,2,Americas,Caribbean
VI,VIR,U.S. Virgin Islands,ğŸ‡»ğŸ‡®,L,4,Americas,Caribbean
VN,VNM,Vietnam,ğŸ‡»ğŸ‡³,R,2,Asia,South-eastern Asia
VU,VUT,Vanuatu,ğŸ‡»ğŸ‡º,R,1,Oceania,Melanesia
WF,WLF,Wallis & Futuna,ğŸ‡¼ğŸ‡«,R,0,Oceania,Polynesia
WS,WSM,Samoa,ğŸ‡¼ğŸ‡¸,L,2,Oceania,Polynesia
XK,XKK,Kosovo,ğŸ‡½ğŸ‡°,R,0,Europe,Southern Europe
YE,YEM,Yemen,ğŸ‡¾ğŸ‡ª,R,0,Asia,Western Asia
YT,MYT,Mayotte,ğŸ‡¾ğŸ‡¹,R,1,Africa,Eastern Africa
ZA,ZAF,South Africa,ğŸ‡¿ğŸ‡¦,L,4,Africa,Southern Africa
ZM,ZMB,Zambia,ğŸ‡¿ğŸ‡²,L,0,Africa,Eastern Africa
ZW,ZWE,Zimbabwe,ğŸ‡¿ğŸ‡¼,L,1,Africa,Eastern Africa
